Log Time      ;PG Name                       ;   CPU (%);MEMORY (M)
20220307110927;audiodg                       ;        4%;   36.38MB
20220307111829;audiodg                       ;        5%;   36.25MB
20220307111839;audiodg                       ;        1%;   36.25MB
20220307111839;devenv#3                      ;        2%;   512.2MB
20220307111926;audiodg                       ;        2%;   36.15MB
20220307111932;audiodg                       ;        4%;   36.15MB
20220307111932;firefox#1                     ;        1%;  187.44MB
20220307111932;firefox#7                     ;        1%;  387.95MB
20220307111934;audiodg                       ;        3%;   36.15MB
20220307111934;firefox#7                     ;        1%;   387.7MB
20220307111937;LINE                          ;        2%;   123.9MB
20220307112257;devenv#3                      ;        5%;  513.75MB
20220307112259;System                        ;        1%;    0.12MB
20220307112259;audiodg                       ;        2%;    36.2MB
20220307112259;firefox                       ;        8%;  313.29MB
20220307112259;sqlservr                      ;        8%;  112.23MB
20220307112319;audiodg                       ;        1%;    36.2MB
20220307112319;firefox#7                     ;        1%;  391.18MB
20220307112322;audiodg                       ;        1%;    36.2MB
20220307112322;firefox                       ;        1%;  300.28MB
20220307112334;audiodg                       ;        1%;    36.2MB
20220307112334;firefox                       ;        1%;  300.37MB
20220307112336;audiodg                       ;        2%;    36.2MB
20220307112339;audiodg                       ;        3%;    36.2MB
20220307112339;sqlservr                      ;        5%;  112.21MB
20220307112347;WmiPrvSE#2                    ;        1%;   16.31MB
20220307112350;WmiPrvSE#2                    ;        1%;   16.32MB
20220307112350;audiodg                       ;        4%;    36.2MB
20220307112350;firefox                       ;        2%;  300.31MB
20220307112353;audiodg                       ;        5%;    36.1MB
20220307112353;devenv#1                      ;        1%;  451.55MB
20220307112353;devenv#3                      ;        1%;  511.82MB
20220307112353;firefox#1                     ;        1%;  187.44MB
20220307112357;audiodg                       ;        1%;    36.1MB
20220307112359;audiodg                       ;        3%;    36.1MB
20220307112359;firefox#7                     ;        1%;  389.17MB
20220307112402;audiodg                       ;        2%;    36.1MB
20220307112402;firefox#7                     ;        1%;  389.17MB
20220307112405;audiodg                       ;        4%;    36.1MB
20220307112405;firefox#1                     ;        1%;  187.44MB
20220307112405;firefox#7                     ;        1%;  389.17MB
20220307112852;audiodg                       ;        1%;   36.13MB
20220307112859;WmiPrvSE#2                    ;        1%;   16.23MB
20220307112859;audiodg                       ;        2%;   36.13MB
20220307112859;firefox                       ;        1%;  302.31MB
20220307112859;firefox#1                     ;        1%;  187.44MB
20220307112859;firefox#7                     ;        1%;  360.73MB
20220307112901;audiodg                       ;        4%;   36.13MB
20220307112904;audiodg                       ;        2%;   36.13MB
20220307112904;firefox                       ;        1%;   302.3MB
20220307112904;firefox#1                     ;        1%;  187.44MB
20220307112907;audiodg                       ;        1%;   36.13MB
20220307112921;LINE                          ;        2%;   72.49MB
20220307112921;WmiPrvSE#2                    ;        1%;   16.26MB
20220307112921;audiodg                       ;        2%;   36.13MB
20220307112921;firefox#7                     ;        1%;  360.68MB
20220307112923;System                        ;        1%;    0.12MB
20220307112923;WmiApSrv                      ;        1%;    9.41MB
20220307112923;WmiPrvSE#2                    ;        1%;   16.14MB
20220307112923;audiodg                       ;        3%;   36.13MB
20220307112923;firefox#7                     ;        2%;  360.68MB
20220307112926;LINE                          ;        1%;   72.52MB
20220307112926;audiodg                       ;        3%;   36.13MB
20220307112926;firefox#1                     ;        1%;  187.44MB
20220307112929;audiodg                       ;        4%;    36.1MB
20220307112931;audiodg                       ;        2%;    36.1MB
20220307112931;firefox#1                     ;        1%;  187.44MB
20220307112934;audiodg                       ;        4%;    36.1MB
20220307113017;sqlservr                      ;       10%;  112.74MB
20220307113019;System                        ;        1%;    0.12MB
20220307113019;WmiPrvSE#2                    ;        1%;   16.21MB
20220307113019;firefox#1                     ;        1%;  187.44MB
20220307113019;sqlservr                      ;        9%;  112.74MB
20220307113118;audiodg                       ;        1%;    36.1MB
20220307113118;firefox                       ;        1%;  303.39MB
20220307113230;System                        ;        1%;    0.12MB
20220307113230;devenv#3                      ;        2%;  550.08MB
20220307113230;firefox#7                     ;        1%;  360.38MB
20220307113230;sqlservr                      ;       13%;   113.2MB
20220307113244;LINE                          ;        2%;   73.61MB
20220307113244;WmiPrvSE#2                    ;        1%;   16.21MB
20220307113244;audiodg                       ;        3%;   36.13MB
20220307113244;firefox#1                     ;        1%;  187.44MB
20220307113324;audiodg                       ;        4%;   36.13MB
20220307113324;firefox#1                     ;        1%;  187.44MB
20220307113326;audiodg                       ;        2%;   36.13MB
20220307113337;PerfWatson2                   ;        3%;   45.88MB
20220307113337;System                        ;        2%;    0.12MB
20220307113337;sqlservr                      ;       14%;  113.23MB
20220307113339;audiodg                       ;        3%;   36.13MB
20220307113342;audiodg                       ;        2%;   36.13MB
20220307113342;firefox#1                     ;        2%;  187.44MB
20220307113347;audiodg                       ;        2%;   36.13MB
20220307113821;System                        ;        2%;    0.12MB
20220307113821;audiodg                       ;        2%;   40.58MB
20220307113821;devenv#3                      ;        2%;  550.63MB
20220307113823;audiodg                       ;        4%;   40.58MB
20220307113826;audiodg                       ;        2%;   40.56MB
20220307113953;NewMonitorCPU                 ;        2%;   46.41MB
20220307114005;audiodg                       ;        5%;   40.58MB
20220307114007;audiodg                       ;        2%;   40.58MB
20220307114036;devenv#3                      ;        4%;  511.89MB
20220307114041;audiodg                       ;        2%;   40.58MB
20220307114045;audiodg                       ;        4%;   40.58MB
20220307114045;firefox#1                     ;        2%;  187.44MB
20220307114048;audiodg                       ;        2%;   40.58MB
20220307114053;audiodg                       ;        3%;   40.58MB
20220307114135;firefox                       ;        2%;  310.85MB
20220307114138;System                        ;        2%;    0.12MB
20220307114138;svchost#56                    ;        2%;   29.12MB
20220307114140;audiodg                       ;        2%;   40.76MB
20220307114145;audiodg                       ;        4%;   40.73MB
20220307114145;sqlservr                      ;        7%;  114.39MB
20220307114147;sqlservr                      ;        5%;  114.39MB
20220307114150;audiodg                       ;        2%;   40.73MB
20220307114152;audiodg                       ;        3%;   40.73MB
20220307114152;firefox#7                     ;        2%;  363.37MB
20220307114421;devenv#3                      ;        5%;  521.05MB
20220307114423;firefox#7                     ;        2%;     364MB
20220307114425;audiodg                       ;        3%;   28.98MB
20220307114543;sqlservr                      ;       11%;  103.14MB
20220307114549;audiodg                       ;        3%;   29.01MB
20220307114549;sqlservr                      ;        6%;  103.14MB
20220307114600;audiodg                       ;        1%;   29.01MB
20220307114602;audiodg                       ;        3%;   29.01MB
20220307114604;audiodg                       ;        4%;   29.01MB
20220307114606;audiodg                       ;        2%;   29.01MB
20220307114608;audiodg                       ;        2%;   29.01MB
20220307114610;audiodg                       ;        2%;   29.01MB
20220307114612;dwm                           ;        1%;   96.03MB
20220307114612;sqlservr                      ;        5%;  103.25MB
20220307115235;audiodg                       ;        2%;   28.95MB
20220307115239;audiodg                       ;        3%;   28.95MB
20220307115239;devenv#3                      ;        2%;  511.04MB
20220307115243;audiodg                       ;        2%;   28.95MB
20220307115245;audiodg                       ;        2%;   28.95MB
20220307115249;audiodg                       ;        4%;   28.95MB
20220307115250;sqlservr                      ;        1%;   109.8MB
20220307115252;sqlservr                      ;        8%;   109.8MB
20220307115255;audiodg                       ;        4%;   28.95MB
20220307115255;firefox#1                     ;        2%;  158.54MB
20220307115256;audiodg                       ;        2%;   28.95MB
20220307115256;devenv#1                      ;        2%;   451.4MB
20220307115256;firefox#1                     ;        1%;  158.54MB
20220307115258;NewMonitorCPU                 ;        3%;   51.72MB
20220307115258;WmiPrvSE#2                    ;        1%;   28.28MB
20220307115258;audiodg                       ;        3%;   28.95MB
20220307115258;devenv#1                      ;        1%;   451.4MB
20220307115300;audiodg                       ;        1%;   28.95MB
20220307115301;audiodg                       ;        3%;      29MB
20220307115301;winvnc#1                      ;        1%;    8.67MB
20220307115303;SupportAssistAgent            ;        2%;   99.77MB
20220307115303;System                        ;        1%;    0.12MB
20220307115303;audiodg                       ;        1%;      29MB
20220307115303;firefox                       ;        1%;  329.14MB
20220307115303;svchost#47                    ;        1%;   13.82MB
20220307115305;firefox#1                     ;        1%;  158.54MB
20220307115307;UpdaterUI                     ;       12%;   28.17MB
20220307115307;WmiPrvSE#2                    ;        1%;   16.78MB
20220307115307;audiodg                       ;        4%;      29MB
20220307115309;firefox#1                     ;        1%;  158.54MB
20220307115309;firefox#7                     ;        2%;   364.9MB
20220307115310;NewMonitorCPU                 ;        2%;   51.81MB
20220307115310;WmiPrvSE#2                    ;        1%;    28.8MB
20220307115310;devenv#1                      ;        1%;  451.43MB
20220307115312;WmiPrvSE#2                    ;        1%;   29.21MB
20220307115314;audiodg                       ;        1%;      29MB
20220307115314;firefox                       ;        1%;  316.89MB
20220307115506;audiodg                       ;        2%;      29MB
20220307115508;ServiceHub.RoslynCodeAnalysisService32#2;        1%;   93.73MB
20220307115509;audiodg                       ;        3%;   28.98MB
20220307115511;audiodg                       ;        1%;   28.98MB
20220307115512;System                        ;        3%;    0.12MB
20220307115512;audiodg                       ;        4%;   28.98MB
20220307115542;sqlservr                      ;        9%;  109.59MB
20220307115543;System                        ;        2%;    0.12MB
20220307115543;audiodg                       ;        4%;   28.98MB
20220307115543;firefox#1                     ;        1%;  158.54MB
20220307115543;sqlservr                      ;        7%;  109.59MB
20220307115545;sqlservr                      ;        8%;  109.59MB
20220307115910;audiodg                       ;        2%;   27.24MB
20220307115913;audiodg                       ;        1%;   27.24MB
20220307115915;audiodg                       ;        5%;   27.24MB
20220307115915;devenv#3                      ;        1%;  518.86MB
20220307115919;audiodg                       ;        3%;   27.24MB
20220307120009;NewMonitorCPU                 ;        1%;   46.36MB
20220307120010;audiodg                       ;        2%;   27.09MB
20220307120010;devenv#3                      ;        1%;  518.31MB
20220307120013;audiodg                       ;        2%;   27.09MB
20220307130137;audiodg                       ;        1%;   28.29MB
20220307130142;audiodg                       ;        1%;   28.29MB
20220307130143;audiodg                       ;        1%;   28.29MB
20220307130148;audiodg                       ;        1%;   28.29MB
20220307130150;audiodg                       ;        2%;   28.29MB
20220307130347;audiodg                       ;        3%;   28.26MB
20220307130349;audiodg                       ;        1%;   28.26MB
20220307130351;audiodg                       ;        1%;   28.26MB
20220307130353;audiodg                       ;        2%;   28.26MB
20220307130354;audiodg                       ;        2%;   28.26MB
20220307130356;audiodg                       ;        2%;   28.26MB
20220307130357;audiodg                       ;        3%;   28.26MB
20220307130357;dwm                           ;        1%;   92.68MB
20220307130439;audiodg                       ;        1%;   28.23MB
20220307130439;sqlservr                      ;       11%;    91.7MB
20220307130455;devenv#3                      ;        6%;  529.15MB
20220307130457;audiodg                       ;        2%;   28.23MB
20220307130739;audiodg                       ;        3%;   28.29MB
20220307130742;audiodg                       ;        1%;   28.29MB
20220307130742;devenv#2                      ;        1%;  377.82MB
20220307130744;WmiPrvSE#2                    ;        1%;   28.88MB
20220307130744;devenv                        ;        1%;  317.61MB
20220307130744;devenv#1                      ;        1%;  456.82MB
20220307130744;devenv#2                      ;        1%;  377.82MB
20220307130757;audiodg                       ;        1%;   28.32MB
20220307130757;sqlservr                      ;       14%;   91.81MB
20220307130758;Memory Compression            ;        1%;  817.69MB
20220307130758;svchost#46                    ;        1%;   31.23MB
20220307130800;audiodg                       ;        2%;   28.32MB
20220307130800;sqlservr                      ;        9%;   91.81MB
20220307130802;sqlservr                      ;        9%;   91.81MB
20220307130803;audiodg                       ;        3%;   28.32MB
20220307130805;NewMonitorCPU                 ;        2%;   51.53MB
20220307130805;audiodg                       ;        4%;   28.32MB
20220307130805;dwm                           ;        2%;   92.88MB
20220307130809;audiodg                       ;        1%;   28.32MB
20220307131703;WmiPrvSE#3                    ;        1%;      16MB
20220307131703;audiodg                       ;        1%;   28.24MB
20220307131703;devenv#3                      ;        3%;  537.32MB
20220307131705;audiodg                       ;        2%;   28.24MB
20220307131705;devenv#3                      ;        8%;  537.58MB
20220307131706;NewMonitorCPU                 ;        1%;   47.91MB
20220307131706;explorer                      ;        1%;  182.99MB
20220307131706;svchost#56                    ;        2%;    29.5MB
20220307131708;WmiPrvSE#3                    ;        1%;   16.75MB
20220307131708;dwm                           ;        2%;  125.79MB
20220307131709;audiodg                       ;        3%;   28.24MB
20220307131709;devenv#1                      ;        1%;  457.16MB
20220307131709;devenv#3                      ;        1%;  537.24MB
20220307131709;dwm                           ;        1%;  133.73MB
20220307131709;explorer                      ;        2%;  182.99MB
20220307131713;NewMonitorCPU                 ;        1%;   48.29MB
20220307131713;audiodg                       ;        1%;   28.24MB
20220307131713;dwm                           ;        1%;  133.66MB
20220307131713;explorer                      ;        2%;  185.52MB
20220307131716;audiodg                       ;        1%;   28.24MB
20220307131716;devenv#3                      ;        2%;  536.48MB
20220307132018;audiodg                       ;        1%;   28.22MB
20220307132021;audiodg                       ;        2%;   28.22MB
20220307132021;devenv#3                      ;        3%;  536.07MB
20220307132023;audiodg                       ;        2%;   28.22MB
20220307132024;audiodg                       ;        3%;   28.22MB
20220307132025;audiodg                       ;        3%;   28.22MB
20220307132025;devenv#3                      ;        2%;     536MB
20220307132025;dwm                           ;        1%;  126.02MB
20220307132027;audiodg                       ;        2%;   28.22MB
20220307132027;dwm                           ;        2%;  126.02MB
20220307132028;audiodg                       ;        2%;   28.22MB
20220307132028;dwm                           ;        1%;  126.02MB
20220307132028;explorer                      ;        1%;   183.3MB
20220307132030;audiodg                       ;        2%;   28.22MB
20220307132030;explorer                      ;        1%;  183.14MB
20220307132031;NewMonitorCPU                 ;        1%;   48.96MB
20220307132031;audiodg                       ;        2%;   28.22MB
20220307132031;dwm                           ;        2%;  118.11MB
20220307132032;audiodg                       ;        1%;   28.22MB
20220307132032;dwm                           ;        2%;  118.11MB
20220307132034;NewMonitorCPU                 ;        2%;   48.36MB
20220307132034;dwm                           ;        1%;  118.11MB
20220307132035;System                        ;        1%;    0.12MB
20220307132035;audiodg                       ;        4%;   28.22MB
20220307132035;dwm                           ;        2%;  122.88MB
20220307132035;explorer                      ;        2%;  183.12MB
20220307132035;svchost#56                    ;        1%;   29.41MB
20220307132037;NewMonitorCPU                 ;        2%;   49.19MB
20220307132037;System                        ;        1%;    0.12MB
20220307132037;explorer                      ;        1%;  183.12MB
20220307132037;svchost#56                    ;        2%;   29.49MB
20220307132038;WmiPrvSE#3                    ;        1%;   17.25MB
20220307132038;audiodg                       ;        3%;   28.22MB
20220307132040;dwm                           ;        1%;  120.49MB
20220307132041;audiodg                       ;        2%;   28.22MB
20220307132043;audiodg                       ;        1%;   28.22MB
20220307132043;devenv                        ;        1%;  316.92MB
20220307132043;dwm                           ;        1%;  123.02MB
20220307132043;explorer                      ;        2%;  183.12MB
20220307132044;audiodg                       ;        1%;   28.22MB
20220307132044;dwm                           ;        1%;  120.49MB
20220307132044;explorer                      ;        2%;  183.12MB
20220307132045;NewMonitorCPU                 ;        1%;   49.44MB
20220307132045;VBCSCompiler                  ;        5%;   95.01MB
20220307132045;audiodg                       ;        2%;   28.22MB
20220307132045;dwm                           ;        1%;  125.27MB
20220307132047;audiodg                       ;        1%;   28.22MB
20220307132047;dwm                           ;        1%;  125.27MB
20220307132048;audiodg                       ;        3%;   28.22MB
20220307132050;audiodg                       ;        2%;   28.22MB
20220307132052;audiodg                       ;        1%;   28.24MB
20220307132053;WmiPrvSE#3                    ;        1%;   17.29MB
20220307132053;audiodg                       ;        1%;   28.24MB
20220307132056;audiodg                       ;        1%;   28.24MB
20220307132353;audiodg                       ;        2%;   28.45MB
20220307132354;audiodg                       ;        2%;   28.45MB
20220307132355;audiodg                       ;        2%;   28.45MB
20220307132357;audiodg                       ;        3%;   28.45MB
20220307132358;audiodg                       ;        2%;   28.45MB
20220307132359;WmiPrvSE#2                    ;        1%;   17.29MB
20220307132359;audiodg                       ;        3%;   28.45MB
20220307132359;dwm                           ;        1%;   118.1MB
20220307132401;audiodg                       ;        2%;   28.45MB
20220307132402;audiodg                       ;        1%;   28.45MB
20220307132405;audiodg                       ;        1%;   28.45MB
20220307132406;audiodg                       ;        2%;   28.45MB
20220307132406;devenv#3                      ;        1%;  537.06MB
20220307132612;WmiPrvSE#2                    ;        1%;   17.43MB
20220307132612;audiodg                       ;        1%;    28.3MB
20220307132612;devenv#3                      ;        1%;  534.67MB
20220307132612;dwm                           ;        2%;  113.03MB
20220307132614;devenv#3                      ;        7%;  534.87MB
20220307132615;audiodg                       ;        1%;    28.3MB
20220307132618;ShellExperienceHost           ;        1%;   64.11MB
20220307132618;audiodg                       ;        6%;   40.23MB
20220307132618;csrss#1                       ;        1%;    6.62MB
20220307132618;explorer                      ;        3%;   187.7MB
20220307132618;svchost#57                    ;        2%;   39.65MB
20220307132619;System                        ;        1%;    0.12MB
20220307132619;dwm                           ;        1%;  126.05MB
20220307132619;explorer                      ;        6%;  188.95MB
20220307132619;svchost#1                     ;        1%;   16.45MB
20220307132619;svchost#26                    ;        1%;   17.31MB
20220307132619;svchost#57                    ;        7%;   39.96MB
20220307132621;WmiPrvSE#2                    ;        1%;   30.27MB
20220307132621;audiodg                       ;        1%;   46.74MB
20220307132622;WmiPrvSE#2                    ;        1%;   17.46MB
20220307132622;audiodg                       ;        5%;   46.74MB
20220307132623;audiodg                       ;        1%;   46.74MB
20220307132625;audiodg                       ;        4%;   46.74MB
20220307132626;audiodg                       ;        2%;   46.74MB
20220307132626;devenv#3                      ;        2%;  534.75MB
20220307132627;audiodg                       ;        2%;   46.74MB
20220307132627;dwm                           ;        2%;  118.56MB
20220307132629;audiodg                       ;        1%;   45.72MB
20220307132629;devenv#3                      ;        1%;  534.48MB
20220307132630;WmiPrvSE#2                    ;        1%;   29.48MB
20220307132630;audiodg                       ;        4%;   45.72MB
20220307132630;devenv#1                      ;        1%;  457.27MB
20220307132630;devenv#3                      ;        1%;  534.32MB
20220307132631;WmiPrvSE#2                    ;        1%;    17.3MB
20220307132631;audiodg                       ;        3%;   45.72MB
20220307132631;devenv#3                      ;        2%;  534.28MB
20220307132820;audiodg                       ;        2%;    45.7MB
20220307132822;audiodg                       ;        2%;   45.67MB
20220307132822;devenv                        ;        1%;   316.6MB
20220307132822;devenv#3                      ;        5%;  537.37MB
20220307132823;audiodg                       ;        2%;   45.67MB
20220307132824;audiodg                       ;        4%;   45.67MB
20220307132824;devenv#3                      ;        2%;  537.35MB
20220307132826;audiodg                       ;        2%;   45.67MB
20220307132826;explorer                      ;        1%;  187.62MB
20220307132827;MsMpEng                       ;        4%;  281.24MB
20220307132827;System                        ;        2%;    0.12MB
20220307132827;WmiPrvSE#2                    ;        1%;   29.16MB
20220307132827;devenv                        ;        1%;   316.6MB
20220307132827;devenv#2                      ;        4%;   413.9MB
20220307132827;explorer                      ;       10%;  190.35MB
20220307132827;svchost#1                     ;        3%;   16.44MB
20220307132827;svchost#57                    ;       20%;   40.25MB
20220307132829;System                        ;        1%;    0.12MB
20220307132829;audiodg                       ;        4%;   47.16MB
20220307132829;dwm                           ;        2%;  127.05MB
20220307132829;explorer                      ;        7%;  191.16MB
20220307132829;svchost#57                    ;       10%;   40.45MB
20220307132830;System                        ;        2%;    0.12MB
20220307132830;WmiPrvSE#2                    ;        1%;    28.9MB
20220307132830;audiodg                       ;        2%;   47.16MB
20220307132831;audiodg                       ;        4%;   47.16MB
20220307132833;audiodg                       ;        6%;   47.16MB
20220307132834;dwm                           ;        1%;  127.06MB
20220307132835;LINE                          ;        2%;  113.09MB
20220307132835;audiodg                       ;        1%;   47.16MB
20220307132837;audiodg                       ;        1%;   47.16MB
20220307132838;System                        ;        2%;    0.12MB
20220307132838;audiodg                       ;        2%;   47.16MB
20220307132838;dwm                           ;        2%;     128MB
20220307132839;audiodg                       ;        2%;   47.55MB
20220307132839;explorer                      ;        1%;  190.06MB
20220307132839;svchost#1                     ;        1%;   16.52MB
20220307133200;WmiPrvSE#2                    ;        1%;   29.59MB
20220307133200;audiodg                       ;        2%;   29.65MB
20220307133200;dwm                           ;        2%;  114.38MB
20220307133201;devenv#3                      ;        2%;  535.09MB
20220307133201;explorer                      ;        1%;  185.97MB
20220307133202;TextInputHost                 ;        2%;   58.39MB
20220307133202;audiodg                       ;        2%;   29.65MB
20220307133202;dwm                           ;        2%;  127.31MB
20220307133202;explorer                      ;        3%;  186.97MB
20220307133202;svchost#56                    ;        1%;   29.57MB
20220307133204;audiodg                       ;        1%;   29.65MB
20220307133204;csrss#1                       ;        1%;    6.63MB
20220307133204;devenv                        ;        1%;  316.81MB
20220307133204;explorer                      ;        1%;  187.17MB
20220307133204;svchost#1                     ;        1%;   16.33MB
20220307133205;WmiPrvSE#2                    ;        1%;   17.48MB
20220307133208;audiodg                       ;        3%;   29.65MB
20220307133208;dwm                           ;        1%;  135.29MB
20220307133208;explorer                      ;        2%;  189.79MB
20220307133208;sqlservr                      ;        8%;   94.36MB
20220307133208;winvnc#1                      ;        1%;    8.71MB
20220307133209;System                        ;        2%;    0.12MB
20220307133209;WmiPrvSE#2                    ;        1%;   29.32MB
20220307133209;devenv#3                      ;        2%;  534.95MB
20220307133209;explorer                      ;        5%;  190.27MB
20220307133209;svchost#1                     ;        1%;   16.36MB
20220307133209;svchost#56                    ;        1%;   29.51MB
20220307133211;ctfmon                        ;        1%;   38.43MB
20220307133211;explorer                      ;        1%;   189.5MB
20220307133211;sqlservr                      ;        5%;   94.36MB
20220307133211;svchost#56                    ;        1%;   29.65MB
20220307133212;ServiceHub.RoslynCodeAnalysisService32#1;        4%;   70.68MB
20220307133212;audiodg                       ;        1%;   29.65MB
20220307133241;explorer                      ;        2%;  189.47MB
20220307133242;WmiPrvSE#2                    ;        1%;   27.92MB
20220307133242;audiodg                       ;        2%;   29.65MB
20220307133245;audiodg                       ;        3%;   29.65MB
20220307133246;audiodg                       ;        4%;   29.65MB
20220307133246;explorer                      ;        1%;  191.35MB
20220307133248;TextInputHost                 ;        1%;    58.4MB
20220307133248;audiodg                       ;        5%;   29.65MB
20220307133249;System                        ;        1%;    0.12MB
20220307133249;WmiPrvSE#2                    ;        1%;   29.41MB
20220307133249;audiodg                       ;        1%;   29.65MB
20220307133250;WmiPrvSE#2                    ;        1%;   17.62MB
20220307133250;audiodg                       ;        4%;   29.71MB
20220307133250;devenv#3                      ;        1%;   538.7MB
20220307133250;dwm                           ;        1%;  119.65MB
20220307133252;WmiPrvSE#2                    ;        1%;   30.32MB
20220307133253;NewMonitorCPU                 ;        2%;   49.35MB
20220307133253;audiodg                       ;        4%;   29.71MB
20220307133253;devenv                        ;        1%;   316.7MB
20220307133253;devenv#3                      ;        1%;   538.7MB
20220307133428;WmiPrvSE#2                    ;        1%;   30.06MB
20220307133428;audiodg                       ;        1%;   29.68MB
20220307133428;winvnc#1                      ;        1%;    8.72MB
20220307133429;audiodg                       ;        2%;   29.68MB
20220307133431;audiodg                       ;        3%;   29.68MB
20220307133438;audiodg                       ;        2%;   29.45MB
20220307133440;audiodg                       ;        1%;   29.47MB
20220307133440;devenv#3                      ;        2%;  546.74MB
20220307133441;audiodg                       ;        2%;   29.47MB
20220307133441;dwm                           ;        1%;  114.35MB
20220307133443;TextInputHost                 ;        1%;   58.45MB
20220307133443;audiodg                       ;        2%;   29.47MB
20220307133443;dwm                           ;        2%;  127.26MB
20220307133443;explorer                      ;        4%;  193.13MB
20220307133443;svchost#56                    ;        2%;   29.54MB
20220307133444;audiodg                       ;        3%;   29.47MB
20220307133447;audiodg                       ;        3%;   29.47MB
20220307133448;VBCSCompiler                  ;       14%;   103.4MB
20220307133716;WmiPrvSE#2                    ;        1%;   31.02MB
20220307133716;devenv#3                      ;        1%;  548.17MB
20220307133719;audiodg                       ;        2%;   29.45MB
20220307133719;dwm                           ;        1%;  119.45MB
20220307133721;audiodg                       ;        4%;   29.45MB
20220307133722;audiodg                       ;        1%;   29.45MB
20220307133723;audiodg                       ;        1%;   29.45MB
20220307133725;NewMonitorCPU                 ;        5%;   48.91MB
20220307133725;WmiPrvSE#2                    ;        1%;   17.48MB
20220307133725;audiodg                       ;        4%;   29.45MB
20220307133726;audiodg                       ;        1%;   29.45MB
20220307134125;audiodg                       ;        3%;   29.15MB
20220307134132;audiodg                       ;        1%;   29.15MB
20220307134135;audiodg                       ;        2%;   29.15MB
20220307134136;audiodg                       ;        2%;   29.15MB
20220307134138;System                        ;        2%;    0.12MB
20220307134138;WmiPrvSE#2                    ;        1%;   30.21MB
20220307134138;audiodg                       ;        1%;   29.15MB
20220307134139;audiodg                       ;        2%;   29.15MB
20220307134142;audiodg                       ;        1%;   29.15MB
20220307134142;explorer                      ;        2%;  198.36MB
20220307134144;audiodg                       ;        2%;   29.15MB
20220307134145;WmiPrvSE#2                    ;        1%;   30.91MB
20220307134145;audiodg                       ;        1%;   29.15MB
20220307134148;audiodg                       ;        1%;   29.15MB
20220307134148;dwm                           ;        2%;  140.86MB
20220307134150;WmiPrvSE#2                    ;        1%;   29.62MB
20220307134150;devenv#3                      ;        1%;  555.77MB
20220307134150;dwm                           ;        1%;   124.8MB
20220307134349;WmiPrvSE#2                    ;        1%;      32MB
20220307134349;audiodg                       ;        2%;   29.15MB
20220307134349;devenv#3                      ;        2%;  573.13MB
20220307134352;audiodg                       ;        2%;   29.15MB
20220307134353;WmiPrvSE#2                    ;        1%;   32.15MB
20220307134353;audiodg                       ;        2%;   29.15MB
20220307134545;audiodg                       ;        2%;   29.18MB
20220307134547;audiodg                       ;        1%;   29.18MB
20220307134548;WmiPrvSE#2                    ;        1%;   31.05MB
20220307134551;audiodg                       ;        1%;   29.18MB
20220307134552;audiodg                       ;        1%;   29.18MB
20220307134554;audiodg                       ;        2%;   29.18MB
20220307134557;WmiPrvSE#2                    ;        1%;   30.95MB
20220307134601;audiodg                       ;        1%;   29.18MB
20220307134602;audiodg                       ;        1%;   29.18MB
20220307134604;audiodg                       ;        3%;   29.18MB
20220307134605;WmiPrvSE#2                    ;        1%;   30.94MB
20220307134635;audiodg                       ;        2%;   29.15MB
20220307134638;audiodg                       ;        1%;   29.15MB
20220307134640;audiodg                       ;        2%;   29.15MB
20220307134641;audiodg                       ;        1%;   29.15MB
20220307134643;VBCSCompiler                  ;        8%;   106.1MB
20220307134643;audiodg                       ;        2%;   29.15MB
20220307134643;dwm                           ;        1%;  114.09MB
20220307134644;WmiPrvSE#2                    ;        1%;   17.63MB
20220307134644;audiodg                       ;        2%;   29.15MB
20220307134647;audiodg                       ;        4%;   29.15MB
20220307134650;audiodg                       ;        1%;   29.15MB
20220307134652;WmiPrvSE#2                    ;        1%;   31.03MB
20220307134653;audiodg                       ;        1%;   29.15MB
20220307134653;chrome#24                     ;        1%;   133.7MB
20220307155221;audiodg                       ;        2%;   26.26MB
20220307155227;audiodg                       ;        1%;   26.26MB
20220307155229;audiodg                       ;        1%;   26.26MB
20220307155229;dwm                           ;        1%;  102.16MB
20220307155231;audiodg                       ;        2%;   26.26MB
20220307155231;dwm                           ;        1%;  102.65MB
20220307155330;audiodg                       ;        1%;   26.26MB
20220307155334;audiodg                       ;        1%;   26.26MB
20220307155336;audiodg                       ;        3%;   26.26MB
20220307155338;OSPPSVC                       ;        3%;   12.57MB
20220307155338;audiodg                       ;        2%;   26.26MB
20220307155340;audiodg                       ;        5%;   26.26MB
20220307155343;ServiceHub.RoslynCodeAnalysisService32;        2%;    66.5MB
20220307155343;WmiPrvSE#3                    ;        1%;    16.9MB
20220307155344;audiodg                       ;        2%;   26.26MB
20220307155347;audiodg                       ;        2%;   26.26MB
20220307155349;audiodg                       ;        2%;   26.26MB
20220307155350;audiodg                       ;        2%;   26.26MB
20220307155352;WmiPrvSE#1                    ;       74%;   40.61MB
20220307155352;audiodg                       ;        2%;   26.23MB
20220307155352;sqlservr                      ;        7%;   94.86MB
20220307155353;sqlservr                      ;        8%;   94.86MB
20220307155355;audiodg                       ;        2%;   26.23MB
20220307155357;audiodg                       ;        2%;   26.23MB
20220307155357;sqlservr                      ;        6%;   94.86MB
20220307155400;audiodg                       ;        1%;   26.23MB
20220307155403;audiodg                       ;        3%;   26.23MB
20220307155405;NewMonitorCPU                 ;        1%;    49.8MB
20220307155405;audiodg                       ;        1%;   26.23MB
20220307155405;dwm                           ;        2%;  102.27MB
20220307155417;audiodg                       ;        2%;   26.23MB
20220307155457;WmiPrvSE#2                    ;        1%;   16.66MB
20220307155457;audiodg                       ;        1%;   26.36MB
20220307155459;sqlservr                      ;       11%;   94.57MB
20220307155500;System                        ;        1%;    0.12MB
20220307155500;WmiPrvSE#2                    ;        1%;   16.91MB
20220307155500;audiodg                       ;        1%;   26.36MB
20220307155633;audiodg                       ;        2%;   26.24MB
20220307155635;audiodg                       ;        1%;   26.24MB
20220307155638;audiodg                       ;        3%;   27.05MB
20220307155639;WmiPrvSE#2                    ;        1%;   16.05MB
20220307155639;audiodg                       ;        4%;   27.05MB
20220307155639;dwm                           ;        1%;  102.45MB
20220307155641;ServiceHub.Host.CLR.x86       ;        1%;   60.89MB
20220307155641;WmiPrvSE#2                    ;        1%;   16.64MB
20220307155645;LINE                          ;        2%;   75.26MB
20220307155645;ctfmon                        ;        1%;   39.59MB
20220307155645;explorer                      ;        1%;  189.71MB
20220307155646;dwm                           ;        1%;  104.23MB
20220307155648;audiodg                       ;        2%;   27.46MB
20220307155649;audiodg                       ;        4%;   27.46MB
20220307155651;WmiPrvSE#2                    ;        1%;   16.19MB
20220307155651;audiodg                       ;        2%;   27.46MB
20220307155653;audiodg                       ;        2%;   27.46MB
20220307155658;Uedit32                       ;        1%;   31.26MB
20220307155658;audiodg                       ;        2%;   27.46MB
20220307155700;System                        ;        1%;    0.12MB
20220307155700;audiodg                       ;        1%;   27.46MB
20220307155702;audiodg                       ;        2%;   27.46MB
20220307155703;audiodg                       ;        2%;   27.46MB
20220307155705;Uedit32                       ;        1%;   31.26MB
20220307155705;audiodg                       ;        1%;   27.46MB
20220307155706;NewMonitorCPU                 ;        1%;   47.47MB
20220307155706;TextInputHost                 ;        1%;   62.44MB
20220307155706;audiodg                       ;        1%;   27.46MB
20220307155706;explorer                      ;        2%;  190.73MB
20220307155706;svchost#56                    ;        2%;   28.98MB
20220307155708;WmiPrvSE#2                    ;        1%;   16.73MB
20220307155708;audiodg                       ;        5%;   27.46MB
20220307155710;audiodg                       ;        2%;   27.46MB
20220307155710;sqlservr                      ;        2%;   94.62MB
20220307155712;sqlservr                      ;        7%;   94.62MB
20220307155713;audiodg                       ;        2%;   27.46MB
20220307155713;sqlservr                      ;       11%;   94.63MB
20220307155716;audiodg                       ;        2%;   27.46MB
20220307155718;audiodg                       ;        1%;   27.46MB
20220307155724;audiodg                       ;        1%;   27.46MB
20220307155725;audiodg                       ;        3%;   27.46MB
20220307155725;devenv                        ;        1%;  313.71MB
20220307155727;audiodg                       ;        2%;   27.46MB
20220307155727;dwm                           ;        1%;  103.06MB
20220307155729;audiodg                       ;        2%;   27.46MB
20220307155730;audiodg                       ;        1%;   27.46MB
20220307155732;audiodg                       ;        1%;   27.46MB
20220307155733;audiodg                       ;        2%;   27.46MB
20220307155735;audiodg                       ;        2%;   27.46MB
20220307155738;audiodg                       ;        2%;   27.46MB
20220307155739;audiodg                       ;        1%;   27.46MB
20220307155741;audiodg                       ;        4%;   27.46MB
20220307155744;Uedit32                       ;        1%;   31.28MB
20220307155744;audiodg                       ;        5%;   27.46MB
20220307155744;devenv                        ;        1%;  313.71MB
20220307155744;dwm                           ;        1%;  103.06MB
20220307155747;audiodg                       ;        3%;   27.46MB
20220307155751;audiodg                       ;        1%;   27.46MB
20220307155753;audiodg                       ;        4%;   27.46MB
20220307155756;Uedit32                       ;        1%;   31.28MB
20220307155756;audiodg                       ;        2%;   27.46MB
20220307155757;LineMediaPlayer               ;        1%;   42.22MB
20220307155759;VBCSCompiler                  ;        2%;   91.03MB
20220307155759;audiodg                       ;        1%;   27.46MB
20220307155801;audiodg                       ;        1%;   27.46MB
20220307155804;audiodg                       ;        1%;   27.46MB
20220307155805;audiodg                       ;        1%;   27.46MB
20220307155809;Uedit32                       ;        1%;   31.28MB
20220307155809;audiodg                       ;        2%;   27.46MB
20220307155811;audiodg                       ;        2%;   27.46MB
20220307155813;audiodg                       ;        3%;   27.46MB
20220307155816;sqlservr                      ;        8%;   94.63MB
20220307155817;sqlservr                      ;       11%;   94.63MB
20220307155819;audiodg                       ;        2%;   27.33MB
20220307155819;sqlservr                      ;       10%;   94.63MB
20220307155820;LineMediaPlayer#2             ;        1%;   40.07MB
20220307155820;Uedit32                       ;        1%;   31.28MB
20220307155822;audiodg                       ;        1%;   27.33MB
20220307155824;audiodg                       ;        2%;   27.33MB
20220307155824;sqlservr                      ;        2%;  103.62MB
20220307155827;System                        ;        1%;    0.12MB
20220307155827;audiodg                       ;        2%;   27.33MB
20220307155827;devenv#3                      ;        1%;  487.34MB
20220307155830;ShellExperienceHost           ;        2%;   62.42MB
20220307155830;System                        ;        1%;    0.12MB
20220307155830;audiodg                       ;        2%;   27.33MB
20220307155830;devenv#1                      ;        2%;  446.61MB
20220307155830;svchost#1                     ;        1%;   17.92MB
20220307155832;Uedit32                       ;        1%;   31.28MB
20220307155832;devenv#3                      ;        1%;  487.37MB
20220307155835;audiodg                       ;        1%;   27.33MB
20220307155837;ServiceHub.SettingsHost       ;        1%;   29.28MB
20220307155837;audiodg                       ;        2%;   27.33MB
20220307155840;audiodg                       ;        2%;    27.3MB
20220307155841;audiodg                       ;        4%;    27.3MB
20220307155843;ServiceHub.RoslynCodeAnalysisService32;        2%;   66.49MB
20220307155847;audiodg                       ;        5%;    27.3MB
20220307155848;audiodg                       ;        1%;    27.3MB
20220307155848;sppsvc                        ;        4%;   12.13MB
20220307155850;audiodg                       ;        1%;    27.3MB
20220307155852;audiodg                       ;        1%;    27.3MB
20220307155855;WmiPrvSE#2                    ;        1%;    29.1MB
20220307155855;chrome                        ;        1%;  179.14MB
20220307155859;WmiPrvSE#2                    ;        1%;   29.09MB
20220307155859;audiodg                       ;        3%;    27.3MB
20220307155902;audiodg                       ;        1%;    27.3MB
20220307155904;audiodg                       ;        1%;    27.3MB
20220307155905;audiodg                       ;        2%;    27.3MB
20220307155907;audiodg                       ;        1%;    27.3MB
20220307155910;audiodg                       ;        2%;    27.3MB
20220307155911;audiodg                       ;        1%;    27.3MB
20220307155913;audiodg                       ;        2%;    27.3MB
20220307155916;ServiceHub.RoslynCodeAnalysisService32;        3%;   71.41MB
20220307155918;audiodg                       ;        2%;    27.3MB
20220307155921;WmiPrvSE#2                    ;        1%;   28.14MB
20220307155921;audiodg                       ;        1%;    27.3MB
20220307155921;sqlservr                      ;       12%;   95.24MB
20220307155923;audiodg                       ;        2%;    27.3MB
20220307155925;sqlservr                      ;        5%;   95.24MB
20220307155926;audiodg                       ;        2%;    27.3MB
20220307155929;VBCSCompiler                  ;        1%;   91.09MB
20220307155934;audiodg                       ;        2%;    27.3MB
20220307155934;devenv#1                      ;        2%;  446.61MB
20220307155935;audiodg                       ;        2%;    27.3MB
20220307155937;audiodg                       ;        1%;    27.3MB
20220307155941;audiodg                       ;        2%;   27.33MB
20220307155945;audiodg                       ;        2%;   27.33MB
20220307155948;audiodg                       ;        1%;   27.33MB
20220307155951;audiodg                       ;        1%;   27.33MB
20220307155953;WmiPrvSE#2                    ;        1%;   17.15MB
20220307155954;WmiPrvSE#2                    ;        1%;   28.51MB
20220307155954;audiodg                       ;        2%;   27.33MB
20220307155956;WmiPrvSE#2                    ;        1%;   16.93MB
20220307155956;audiodg                       ;        1%;   27.33MB
20220307155958;audiodg                       ;        1%;   27.33MB
20220307155959;audiodg                       ;        4%;   27.33MB
20220307160001;audiodg                       ;        1%;   27.33MB
20220307160005;audiodg                       ;        2%;   27.33MB
20220307160006;Uedit32                       ;        1%;   31.26MB
20220307160009;audiodg                       ;        1%;   27.33MB
20220307160012;audiodg                       ;        2%;   27.33MB
20220307160014;System                        ;        1%;    0.12MB
20220307160014;audiodg                       ;        3%;   27.33MB
20220307160014;devenv#1                      ;        1%;  446.58MB
20220307160014;devenv#3                      ;        1%;   485.1MB
20220307160022;audiodg                       ;        2%;   27.33MB
20220307160024;Uedit32                       ;        1%;   31.26MB
20220307160024;audiodg                       ;        1%;   27.33MB
20220307160026;audiodg                       ;        3%;   27.33MB
20220307160026;devenv#1                      ;        1%;  446.61MB
20220307160026;devenv#3                      ;        1%;  485.09MB
20220307160028;Uedit32                       ;        1%;   31.26MB
20220307160028;audiodg                       ;        2%;   27.33MB
20220307160028;sqlservr                      ;        9%;      95MB
20220307160029;VBCSCompiler                  ;       11%;   91.07MB
20220307160029;sqlservr                      ;        6%;      95MB
20220307160031;audiodg                       ;        2%;   27.33MB
20220307160034;audiodg                       ;        1%;   27.33MB
20220307160038;audiodg                       ;        2%;   27.33MB
20220307160040;audiodg                       ;        3%;   27.36MB
20220307160044;audiodg                       ;        2%;   27.36MB
20220307160045;Uedit32                       ;        2%;   31.26MB
20220307160045;audiodg                       ;        4%;   27.36MB
20220307160047;System                        ;        1%;    0.12MB
20220307160049;audiodg                       ;        1%;   27.36MB
20220307160051;audiodg                       ;        2%;   27.36MB
20220307160053;audiodg                       ;        2%;   27.36MB
20220307160100;Uedit32                       ;        1%;   31.26MB
20220307160100;audiodg                       ;        2%;   27.36MB
20220307160102;audiodg                       ;        2%;   27.36MB
20220307160103;audiodg                       ;        2%;   27.36MB
20220307160107;audiodg                       ;        3%;   27.36MB
20220307160109;Uedit32                       ;        1%;   31.26MB
20220307160109;audiodg                       ;        3%;   27.36MB
20220307160111;audiodg                       ;        2%;   27.36MB
20220307160114;audiodg                       ;        1%;   27.36MB
20220307160115;audiodg                       ;        2%;   27.36MB
20220307160117;WmiPrvSE#2                    ;        1%;   31.02MB
20220307160117;audiodg                       ;        3%;   27.36MB
20220307160120;audiodg                       ;        2%;   27.36MB
20220307160122;MsMpEng                       ;        3%;  426.08MB
20220307160122;System                        ;        2%;    0.12MB
20220307160122;svchost#47                    ;        9%;   17.04MB
20220307160123;SrTasks                       ;        9%;    45.8MB
20220307160123;svchost#47                    ;        1%;   16.13MB
20220307160125;SrTasks                       ;       12%;   54.23MB
20220307160125;audiodg                       ;        2%;   27.36MB
20220307160127;SrTasks                       ;       12%;   77.86MB
20220307160127;WmiPrvSE                      ;        9%;   35.34MB
20220307160127;audiodg                       ;        1%;   27.36MB
20220307160129;WmiPrvSE#3                    ;       10%;   12.26MB
20220307160129;svchost#38                    ;        1%;     9.7MB
20220307160132;MsMpEng                       ;        1%;  424.95MB
20220307160132;SrTasks                       ;        2%;   18.79MB
20220307160132;System                        ;        8%;    0.38MB
20220307160132;audiodg                       ;        4%;   27.42MB
20220307160134;SrTasks                       ;       11%;   27.92MB
20220307160134;WmiPrvSE#2                    ;        1%;   31.05MB
20220307160134;sqlservr                      ;        8%;   95.03MB
20220307160135;SrTasks                       ;        9%;    22.4MB
20220307160135;audiodg                       ;        2%;   27.42MB
20220307160137;SrTasks                       ;        4%;   21.06MB
20220307160137;Uedit32                       ;        1%;   31.26MB
20220307160137;audiodg                       ;        1%;   27.42MB
20220307160139;SrTasks                       ;        2%;   22.09MB
20220307160140;SrTasks                       ;       12%;   21.09MB
20220307160142;SrTasks                       ;       12%;   37.88MB
20220307160142;audiodg                       ;        3%;   27.42MB
20220307160143;SrTasks                       ;        4%;    77.7MB
20220307160143;System                        ;        1%;    0.38MB
20220307160145;SrTasks                       ;        9%;  104.59MB
20220307160145;audiodg                       ;        2%;   27.42MB
20220307160147;SrTasks                       ;       12%;  123.61MB
20220307160147;audiodg                       ;        1%;   27.42MB
20220307160148;SrTasks                       ;        5%;   150.4MB
20220307160148;audiodg                       ;        1%;   27.42MB
20220307160150;SrTasks                       ;        9%;  178.01MB
20220307160150;System                        ;        1%;    0.38MB
20220307160152;SrTasks                       ;        7%;  199.45MB
20220307160152;System                        ;        1%;    0.39MB
20220307160153;SrTasks                       ;        6%;  212.28MB
20220307160153;audiodg                       ;        1%;   27.42MB
20220307160155;SrTasks                       ;        7%;  217.69MB
20220307160157;SrTasks                       ;        6%;  219.69MB
20220307160158;SrTasks                       ;        7%;  223.71MB
20220307160158;System                        ;        1%;    0.39MB
20220307160200;SrTasks                       ;        5%;  225.41MB
20220307160200;System                        ;        2%;    0.39MB
20220307160200;audiodg                       ;        1%;   27.42MB
20220307160202;System                        ;        2%;    0.39MB
20220307160202;audiodg                       ;        2%;   27.42MB
20220307160203;MsMpEng                       ;       11%;  443.64MB
20220307160203;System                        ;        3%;     0.4MB
20220307160203;ngen                          ;        8%;   24.36MB
20220307160203;ngentask#1                    ;        3%;   19.98MB
20220307160203;svchost#42                    ;        1%;   24.71MB
20220307160203;taskhostw#1                   ;        4%;   17.53MB
20220307160206;MsMpEng                       ;       10%;  508.25MB
20220307160206;System                        ;        4%;     0.5MB
20220307160206;WmiPrvSE                      ;        1%;   46.85MB
20220307160206;WmiPrvSE#1                    ;        1%;   35.83MB
20220307160206;WmiPrvSE#2                    ;        2%;   29.44MB
20220307160206;audiodg                       ;        1%;   27.42MB
20220307160206;ngentask                      ;        8%;   26.05MB
20220307160206;sppsvc                        ;        8%;   12.19MB
20220307160206;svchost#10                    ;        1%;   14.06MB
20220307160206;taskhostw#1                   ;       12%;   22.86MB
20220307160209;MsMpEng                       ;       12%;  516.75MB
20220307160209;System                        ;        3%;    0.63MB
20220307160209;WmiPrvSE#2                    ;        1%;   29.78MB
20220307160209;audiodg                       ;        3%;   27.42MB
20220307160209;taskhostw#1                   ;       12%;   22.84MB
20220307160211;MsMpEng                       ;       12%;  517.63MB
20220307160211;audiodg                       ;        1%;   27.42MB
20220307160211;taskhostw#1                   ;       12%;   22.84MB
20220307160214;MsMpEng                       ;       15%;  532.97MB
20220307160214;WmiPrvSE#2                    ;        1%;   28.74MB
20220307160214;audiodg                       ;        1%;   27.42MB
20220307160214;taskhostw#1                   ;       12%;   22.84MB
20220307160215;MsMpEng                       ;       12%;  535.43MB
20220307160215;WmiPrvSE#2                    ;        1%;    29.6MB
20220307160215;taskhostw#1                   ;       12%;   22.84MB
20220307160217;MsMpEng                       ;       12%;  536.12MB
20220307160217;taskhostw#1                   ;       12%;   22.87MB
20220307160219;MsMpEng                       ;       12%;  536.11MB
20220307160219;System                        ;        2%;    0.79MB
20220307160219;audiodg                       ;        2%;   27.42MB
20220307160219;taskhostw#1                   ;       12%;    22.9MB
20220307160221;MsMpEng                       ;       11%;  505.84MB
20220307160221;System                        ;        2%;    0.89MB
20220307160221;svchost#21                    ;       11%;   12.96MB
20220307160223;MsMpEng                       ;       14%;  479.58MB
20220307160223;audiodg                       ;        1%;   27.07MB
20220307160223;backgroundTaskHost#2          ;        1%;   34.02MB
20220307160223;svchost#57                    ;        1%;   39.71MB
20220307160223;svchost#58                    ;        3%;   21.25MB
20220307160223;taskhostw#1                   ;       11%;   22.86MB
20220307160225;audiodg                       ;        1%;   27.07MB
20220307160227;MsMpEng                       ;       12%;   494.9MB
20220307160227;ServiceHub.RoslynCodeAnalysisService32#3;        3%;   95.94MB
20220307160227;System                        ;        2%;    1.02MB
20220307160227;audiodg                       ;        2%;   27.07MB
20220307160227;taskhostw#1                   ;       12%;   26.59MB
20220307160229;MsMpEng                       ;        7%;  498.28MB
20220307160229;SearchIndexer                 ;        3%;   58.61MB
20220307160229;audiodg                       ;        1%;   27.07MB
20220307160229;taskhostw#1                   ;       12%;   26.59MB
20220307160231;MsMpEng                       ;        5%;  498.46MB
20220307160231;SearchIndexer                 ;        6%;   58.61MB
20220307160231;System                        ;        1%;    1.02MB
20220307160231;audiodg                       ;        2%;   27.07MB
20220307160231;taskhostw#1                   ;       12%;    26.6MB
20220307160233;MsMpEng                       ;        3%;   498.7MB
20220307160233;SearchIndexer                 ;        7%;   58.59MB
20220307160233;audiodg                       ;        3%;   27.07MB
20220307160233;taskhostw#1                   ;       12%;   26.59MB
20220307160235;MsMpEng                       ;        4%;  499.76MB
20220307160235;SearchIndexer                 ;        5%;   58.59MB
20220307160235;WmiPrvSE#2                    ;        1%;   29.11MB
20220307160235;audiodg                       ;        1%;   27.07MB
20220307160235;svchost#1                     ;        1%;   18.26MB
20220307160235;taskhostw#1                   ;       12%;   26.59MB
20220307160237;MsMpEng                       ;        4%;  499.95MB
20220307160237;PerfWatson2#1                 ;        2%;   43.48MB
20220307160237;SearchIndexer                 ;        6%;   58.61MB
20220307160237;System                        ;        2%;    1.02MB
20220307160237;taskhostw#1                   ;       12%;    26.6MB
20220307160239;MsMpEng                       ;        8%;  530.38MB
20220307160239;System                        ;        3%;    1.03MB
20220307160239;WmiPrvSE#2                    ;        2%;   29.24MB
20220307160239;audiodg                       ;        2%;   27.07MB
20220307160239;sqlservr                      ;       10%;   83.35MB
20220307160239;taskhostw#1                   ;       12%;    26.6MB
20220307160241;MsMpEng                       ;        9%;  543.13MB
20220307160241;audiodg                       ;        1%;   27.07MB
20220307160243;MsMpEng                       ;       12%;  544.12MB
20220307160243;System                        ;        2%;    1.03MB
20220307160243;audiodg                       ;        4%;   27.07MB
20220307160243;sqlservr                      ;       13%;   83.34MB
20220307160245;MsMpEng                       ;        9%;  545.25MB
20220307160245;WmiPrvSE#2                    ;        1%;   29.46MB
20220307160247;MsMpEng                       ;       10%;  545.51MB
20220307160248;MsMpEng                       ;       10%;  546.15MB
20220307160248;System                        ;        1%;    1.04MB
20220307160248;audiodg                       ;        4%;   27.05MB
20220307160250;MsMpEng                       ;       10%;  546.25MB
20220307160252;MsMpEng                       ;       11%;  546.17MB
20220307160252;audiodg                       ;        3%;   27.05MB
20220307160254;MsMpEng                       ;        9%;  546.05MB
20220307160255;MsMpEng                       ;        9%;   546.9MB
20220307160257;MsMpEng                       ;        4%;  547.02MB
20220307160257;RuntimeBroker                 ;        4%;   29.77MB
20220307160257;SearchIndexer                 ;        9%;   58.65MB
20220307160257;WmiPrvSE#2                    ;        1%;    32.2MB
20220307160257;audiodg                       ;        4%;   27.05MB
20220307160257;backgroundTaskHost#1          ;        2%;    32.6MB
20220307160257;sihost                        ;        2%;   27.42MB
20220307160257;svchost                       ;        1%;   31.99MB
20220307160257;svchost#1                     ;        3%;   18.53MB
20220307160259;MsMpEng                       ;        7%;  547.07MB
20220307160259;SearchIndexer                 ;        5%;    58.7MB
20220307160259;System                        ;        1%;     1.1MB
20220307160259;audiodg                       ;        3%;   27.05MB
20220307160259;svchost#46                    ;        4%;   52.54MB
20220307160304;svchost                       ;        3%;   32.05MB
20220307160304;taskhostw#1                   ;        2%;    7.72MB
20220307160306;audiodg                       ;        2%;   27.19MB
20220307160307;audiodg                       ;        2%;   27.19MB
20220307160309;audiodg                       ;        1%;   27.19MB
20220307160310;audiodg                       ;        1%;   27.19MB
20220307160312;Uedit32                       ;        2%;    31.3MB
20220307160312;audiodg                       ;        1%;   27.19MB
20220307160314;audiodg                       ;        2%;   27.19MB
20220307160315;Uedit32                       ;        1%;    31.3MB
20220307160315;audiodg                       ;        3%;   27.19MB
20220307160318;Uedit32                       ;        1%;    31.3MB
20220307160318;audiodg                       ;        2%;   27.19MB
20220307160321;audiodg                       ;        2%;   27.19MB
20220307160323;WmiPrvSE#2                    ;        1%;   17.89MB
20220307160323;audiodg                       ;        3%;   27.19MB
20220307160326;audiodg                       ;        4%;   27.19MB
20220307160327;WmiPrvSE#2                    ;        1%;   31.66MB
20220307160327;audiodg                       ;        6%;   27.19MB
20220307160329;Uedit32                       ;        2%;    31.3MB
20220307160329;audiodg                       ;        3%;   27.19MB
20220307160331;audiodg                       ;        3%;   27.19MB
20220307160332;audiodg                       ;        2%;   27.19MB
20220307160337;LineMediaPlayer#1             ;        1%;   39.73MB
20220307160337;audiodg                       ;        2%;   27.19MB
20220307160338;audiodg                       ;        2%;   27.19MB
20220307160340;Uedit32                       ;        1%;    31.3MB
20220307160340;audiodg                       ;        2%;   27.19MB
20220307160342;Uedit32                       ;        1%;    31.3MB
20220307160342;audiodg                       ;        3%;   27.19MB
20220307160345;sqlservr                      ;       10%;   90.22MB
20220307160346;sqlservr                      ;        2%;   90.22MB
20220307160348;LineMediaPlayer#1             ;        1%;   39.73MB
20220307160348;LineMediaPlayer#2             ;        1%;   40.24MB
20220307160348;audiodg                       ;        2%;   27.19MB
20220307160348;sqlservr                      ;        8%;   90.22MB
20220307160350;audiodg                       ;        1%;   27.21MB
20220307160351;Uedit32                       ;        1%;    31.3MB
20220307160351;WmiPrvSE#2                    ;        1%;   32.11MB
20220307160358;audiodg                       ;        1%;   27.21MB
20220307160400;WmiPrvSE#2                    ;        1%;   31.25MB
20220307160400;audiodg                       ;        1%;   27.21MB
20220307160403;Uedit32                       ;        2%;    31.3MB
20220307160404;svchost#42                    ;        4%;   27.75MB
20220307160406;svchost#42                    ;        1%;   25.75MB
20220307160406;taskhostw#1                   ;        3%;   15.98MB
20220307160409;audiodg                       ;        1%;   27.21MB
20220307160411;audiodg                       ;        1%;   27.21MB
20220307160412;audiodg                       ;        1%;   27.21MB
20220307160414;ServiceHub.VSDetouredHost     ;        1%;    51.8MB
20220307160414;audiodg                       ;        2%;   27.21MB
20220307160415;audiodg                       ;        1%;   27.21MB
20220307160417;audiodg                       ;        3%;   27.21MB
20220307160419;WmiPrvSE#2                    ;        1%;   32.73MB
20220307160420;audiodg                       ;        1%;   27.21MB
20220307160427;audiodg                       ;        2%;   27.21MB
20220307160431;audiodg                       ;        2%;   27.21MB
20220307160433;audiodg                       ;        2%;   27.21MB
20220307160434;audiodg                       ;        4%;   27.21MB
20220307160436;Uedit32                       ;        2%;   31.28MB
20220307160436;audiodg                       ;        2%;   27.21MB
20220307160438;audiodg                       ;        3%;   27.21MB
20220307160439;audiodg                       ;        5%;   27.21MB
20220307160441;Uedit32                       ;        1%;   31.28MB
20220307160441;audiodg                       ;        2%;   27.21MB
20220307160443;audiodg                       ;        1%;   27.21MB
20220307160444;Uedit32                       ;        1%;   31.28MB
20220307160444;audiodg                       ;        3%;   27.21MB
20220307160446;audiodg                       ;        2%;   27.21MB
20220307160446;devenv#3                      ;        1%;     479MB
20220307160447;System                        ;        1%;    1.11MB
20220307160447;audiodg                       ;        2%;   27.21MB
20220307160449;audiodg                       ;        2%;   27.21MB
20220307160451;audiodg                       ;        2%;   27.21MB
20220307160451;sqlservr                      ;       11%;    89.8MB
20220307160452;audiodg                       ;        2%;   27.21MB
20220307160454;Uedit32                       ;        1%;   31.28MB
20220307160454;audiodg                       ;        2%;   27.21MB
20220307160454;sqlservr                      ;       12%;   89.82MB
20220307160458;audiodg                       ;        1%;   27.21MB
20220307160458;svchost#46                    ;        1%;   52.74MB
20220307160501;audiodg                       ;        2%;    27.2MB
20220307160504;LineMediaPlayer#2             ;        1%;   40.24MB
20220307160504;audiodg                       ;        2%;    27.2MB
20220307160504;devenv                        ;        1%;  312.17MB
20220307160506;WmiPrvSE#2                    ;        1%;   33.06MB
20220307160506;audiodg                       ;        2%;    27.2MB
20220307160508;System                        ;        1%;    1.12MB
20220307160508;audiodg                       ;        2%;    27.2MB
20220307160508;winvnc#1                      ;        1%;    8.71MB
20220307160510;NewMonitorCPU                 ;        2%;   50.12MB
20220307160510;audiodg                       ;        3%;    27.2MB
20220307160511;audiodg                       ;        2%;    27.2MB
20220307160513;audiodg                       ;        2%;    27.2MB
20220307160518;audiodg                       ;        3%;    27.2MB
20220307160520;Uedit32                       ;        1%;   31.28MB
20220307160520;audiodg                       ;        2%;    27.2MB
20220307160523;Uedit32                       ;        1%;   31.28MB
20220307160523;audiodg                       ;        1%;    27.2MB
20220307160523;devenv#2                      ;        1%;  392.17MB
20220307160525;Uedit32                       ;        1%;   31.28MB
20220307160525;audiodg                       ;        1%;    27.2MB
20220307160527;audiodg                       ;        3%;    27.2MB
20220307160530;audiodg                       ;        5%;    27.2MB
20220307160531;System                        ;        2%;    1.12MB
20220307160531;WmiPrvSE#2                    ;        1%;   32.93MB
20220307160533;audiodg                       ;        2%;    27.2MB
20220307160534;audiodg                       ;        2%;    27.2MB
20220307160537;audiodg                       ;        4%;    27.2MB
20220307160537;devenv                        ;        1%;  312.17MB
20220307160541;audiodg                       ;        2%;    27.2MB
20220307160544;audiodg                       ;        2%;    27.2MB
20220307160549;audiodg                       ;        1%;    27.2MB
20220307160550;audiodg                       ;        1%;    27.2MB
20220307160553;audiodg                       ;        2%;    27.2MB
20220307160556;sqlservr                      ;        5%;   89.85MB
20220307160558;audiodg                       ;        1%;    27.2MB
20220307160558;sqlservr                      ;        5%;   89.85MB
20220307160559;Memory Compression            ;       13%;  801.21MB
20220307160559;sqlservr                      ;        8%;   89.84MB
20220307160601;devenv#2                      ;        1%;  392.13MB
20220307160603;LineMediaPlayer#2             ;        1%;   40.24MB
20220307160603;WmiPrvSE#2                    ;        1%;   32.93MB
20220307160603;audiodg                       ;        2%;    27.2MB
20220307160606;WmiPrvSE#2                    ;        1%;   32.93MB
20220307160606;audiodg                       ;        1%;    27.2MB
20220307160609;audiodg                       ;        1%;    27.2MB
20220307160610;audiodg                       ;        1%;    27.2MB
20220307160614;Uedit32                       ;        1%;   31.28MB
20220307160614;audiodg                       ;        1%;    27.2MB
20220307160616;audiodg                       ;        1%;    27.2MB
20220307160618;audiodg                       ;        2%;    27.2MB
20220307160621;audiodg                       ;        1%;    27.2MB
20220307160624;audiodg                       ;        2%;    27.2MB
20220307160628;Uedit32                       ;        1%;   31.28MB
20220307160635;audiodg                       ;        2%;    27.2MB
20220307160636;audiodg                       ;        2%;    27.2MB
20220307160641;audiodg                       ;        1%;    27.2MB
20220307160642;audiodg                       ;        1%;    27.2MB
20220307160644;audiodg                       ;        2%;    27.2MB
20220307160645;Uedit32                       ;        1%;   31.28MB
20220307160651;Uedit32                       ;        2%;   31.28MB
20220307160651;audiodg                       ;        2%;    27.2MB
20220307160656;LINE                          ;        3%;   86.48MB
20220307160656;audiodg                       ;        1%;    27.2MB
20220307160702;sqlservr                      ;       11%;    91.5MB
20220307160704;audiodg                       ;        2%;    27.2MB
20220307160704;sqlservr                      ;       13%;   91.52MB
20220307160705;sqlservr                      ;        8%;   91.52MB
20220307160707;dwm                           ;        1%;  102.99MB
20220307160708;LINE                          ;        1%;    86.5MB
20220307160708;Uedit32                       ;        1%;   31.28MB
20220307160708;audiodg                       ;        1%;    27.2MB
20220307160710;audiodg                       ;        2%;    27.2MB
20220307160712;ServiceShell                  ;        1%;    64.1MB
20220307160712;WmiPrvSE#2                    ;        1%;   33.03MB
20220307160713;WmiPrvSE#2                    ;        1%;    33.1MB
20220307160713;audiodg                       ;        1%;    27.2MB
20220307160715;csrss#1                       ;        5%;    6.54MB
20220307160717;audiodg                       ;        2%;   27.17MB
20220307160717;sppsvc                        ;        1%;    12.1MB
20220307160719;audiodg                       ;        1%;   27.17MB
20220307160720;explorer                      ;        2%;  187.01MB
20220307160720;svchost#46                    ;        6%;   35.21MB
20220307160720;svchost#56                    ;        2%;   29.23MB
20220307160725;audiodg                       ;        3%;   27.22MB
20220307160731;services                      ;        1%;    9.71MB
20220307160732;WmiPrvSE#2                    ;        1%;   17.57MB
20220307160734;WmiPrvSE#2                    ;        1%;   32.39MB
20220307160734;audiodg                       ;        1%;   27.22MB
20220307160736;audiodg                       ;        1%;   27.22MB
20220307160737;PerfWatson2#1                 ;        1%;   44.12MB
20220307160740;audiodg                       ;        1%;   27.22MB
20220307160744;WmiPrvSE#2                    ;        1%;   32.55MB
20220307160746;WmiPrvSE#2                    ;        1%;   17.59MB
20220307160747;WmiPrvSE#2                    ;        1%;   32.46MB
20220307160747;audiodg                       ;        2%;   27.22MB
20220307160749;WmiPrvSE#2                    ;        1%;    32.9MB
20220307160749;audiodg                       ;        1%;   27.22MB
20220307160751;WmiPrvSE#2                    ;        1%;   32.86MB
20220307160751;audiodg                       ;        2%;   27.22MB
20220307160753;WmiPrvSE#2                    ;        1%;      33MB
20220307160753;audiodg                       ;        1%;   27.22MB
20220307160755;WmiPrvSE#2                    ;        1%;      33MB
20220307160757;WmiPrvSE#2                    ;        1%;      33MB
20220307160758;WmiPrvSE#2                    ;        1%;      33MB
20220307160758;audiodg                       ;        2%;   27.22MB
20220307160758;svchost#80                    ;        8%;     8.7MB
20220307160758;svchost#82                    ;       12%;   16.93MB
20220307160800;WmiPrvSE#2                    ;        2%;   17.71MB
20220307160800;audiodg                       ;        1%;   27.22MB
20220307160802;WmiPrvSE#2                    ;        2%;   17.45MB
20220307160802;audiodg                       ;        1%;   27.22MB
20220307160803;WmiPrvSE#2                    ;        1%;   31.95MB
20220307160803;audiodg                       ;        1%;   27.22MB
20220307160805;audiodg                       ;        2%;   27.22MB
20220307160807;WmiPrvSE#2                    ;        2%;   32.67MB
20220307160807;audiodg                       ;        1%;   27.22MB
20220307160809;WmiPrvSE#2                    ;        1%;   32.68MB
20220307160809;audiodg                       ;        1%;   27.22MB
20220307160809;sqlservr                      ;        4%;   91.49MB
20220307160811;WmiPrvSE#2                    ;        1%;   32.67MB
20220307160811;audiodg                       ;        5%;   27.22MB
20220307160812;System                        ;        1%;    1.12MB
20220307160812;WmiPrvSE#2                    ;        1%;   32.68MB
20220307160812;audiodg                       ;        2%;   27.22MB
20220307160812;sqlservr                      ;       10%;   91.49MB
20220307160814;WmiPrvSE#2                    ;        1%;   17.78MB
20220307160816;WmiPrvSE#2                    ;        1%;   17.34MB
20220307160816;devenv#2                      ;        1%;  390.02MB
20220307160818;WmiPrvSE#2                    ;        1%;    32.2MB
20220307160819;audiodg                       ;        2%;   27.22MB
20220307160821;WmiPrvSE#2                    ;        1%;   32.67MB
20220307160821;audiodg                       ;        1%;   27.22MB
20220307160823;WmiPrvSE#2                    ;        1%;   32.67MB
20220307160823;audiodg                       ;        1%;   27.22MB
20220307160824;WmiPrvSE#2                    ;        1%;   32.67MB
20220307160824;audiodg                       ;        2%;   27.22MB
20220307160829;WmiPrvSE#2                    ;        1%;   17.67MB
20220307160829;devenv#2                      ;        2%;  390.02MB
20220307160831;audiodg                       ;        2%;   27.22MB
20220307160834;audiodg                       ;        2%;   27.22MB
20220307160838;WmiPrvSE#2                    ;        1%;   32.58MB
20220307160838;audiodg                       ;        1%;   27.22MB
20220307160840;WmiPrvSE#2                    ;        1%;   32.62MB
20220307160840;audiodg                       ;        2%;   27.22MB
20220307160843;WmiPrvSE#2                    ;        1%;   17.69MB
20220307160845;WmiPrvSE#2                    ;        1%;   17.33MB
20220307160845;audiodg                       ;        2%;   27.22MB
20220307160847;WmiPrvSE#2                    ;        1%;   32.14MB
20220307160847;audiodg                       ;        2%;   27.22MB
20220307160848;audiodg                       ;        2%;   27.22MB
20220307160851;WmiPrvSE#2                    ;        1%;   32.55MB
20220307160853;WmiPrvSE#2                    ;        1%;   32.56MB
20220307160855;WmiPrvSE#2                    ;        1%;   32.56MB
20220307160855;audiodg                       ;        2%;   27.22MB
20220307160857;audiodg                       ;        1%;   27.22MB
20220307160858;audiodg                       ;        3%;   27.22MB
20220307160901;WmiPrvSE#2                    ;        1%;   32.43MB
20220307160901;audiodg                       ;        2%;   27.22MB
20220307160905;audiodg                       ;        1%;   27.22MB
20220307160907;WmiPrvSE#2                    ;        1%;      33MB
20220307160907;audiodg                       ;        3%;   27.22MB
20220307160908;WmiPrvSE#2                    ;        1%;      33MB
20220307160908;audiodg                       ;        3%;   27.22MB
20220307160910;WmiPrvSE#2                    ;        1%;    17.7MB
20220307160910;audiodg                       ;        1%;   27.22MB
20220307160912;audiodg                       ;        1%;   27.22MB
20220307160913;WmiPrvSE#2                    ;        1%;   32.21MB
20220307160915;WmiPrvSE#2                    ;        1%;   32.48MB
20220307160915;sqlservr                      ;        9%;   92.37MB
20220307160917;WmiPrvSE#2                    ;        1%;   32.98MB
20220307160917;audiodg                       ;        1%;   27.22MB
20220307160918;audiodg                       ;        2%;   27.22MB
20220307160920;WmiPrvSE#2                    ;        1%;   33.01MB
20220307160920;audiodg                       ;        1%;   27.22MB
20220307160922;WmiPrvSE#2                    ;        1%;   33.12MB
20220307160922;audiodg                       ;        1%;   27.22MB
20220307160923;audiodg                       ;        4%;   27.22MB
20220307160925;WmiPrvSE#2                    ;        1%;   32.43MB
20220307160925;audiodg                       ;        1%;   27.22MB
20220307160927;WmiPrvSE#2                    ;        1%;   32.53MB
20220307160929;WmiPrvSE#2                    ;        1%;   32.83MB
20220307160931;WmiPrvSE#2                    ;        1%;   33.12MB
20220307160931;audiodg                       ;        3%;   27.17MB
20220307160932;WmiPrvSE#2                    ;        1%;   33.14MB
20220307160934;WmiPrvSE#2                    ;        1%;   33.14MB
20220307160936;WmiPrvSE#2                    ;        1%;   17.33MB
20220307160936;audiodg                       ;        1%;   27.17MB
20220307160938;audiodg                       ;        2%;   27.17MB
20220307160939;WmiPrvSE#2                    ;        1%;   32.59MB
20220307160939;audiodg                       ;        1%;   27.17MB
20220307160941;WmiPrvSE#2                    ;        1%;      33MB
20220307160941;audiodg                       ;        3%;   27.17MB
20220307160944;audiodg                       ;        2%;   27.17MB
20220307160946;WmiPrvSE#2                    ;        1%;   32.98MB
20220307160947;audiodg                       ;        1%;   27.17MB
20220307160949;WmiPrvSE#2                    ;        1%;   17.33MB
20220307160951;MsMpEng                       ;        1%;  511.21MB
20220307160951;SystemIdleCheck               ;        1%;   10.03MB
20220307160951;UpdaterUI                     ;       13%;   28.52MB
20220307160951;WmiPrvSE#2                    ;        1%;   32.38MB
20220307160951;audiodg                       ;        1%;   27.24MB
20220307160954;WmiPrvSE#2                    ;        1%;   33.11MB
20220307160954;audiodg                       ;        2%;   27.24MB
20220307160956;WmiPrvSE#2                    ;        1%;   33.15MB
20220307160956;audiodg                       ;        2%;   27.24MB
20220307160958;audiodg                       ;        2%;   27.24MB
20220307161001;audiodg                       ;        1%;   27.24MB
20220307161004;audiodg                       ;        1%;   27.24MB
20220307161006;LINE                          ;        1%;   86.56MB
20220307161006;WmiPrvSE#2                    ;        1%;   32.52MB
20220307161014;audiodg                       ;        4%;   27.24MB
20220307161020;audiodg                       ;        2%;   27.24MB
20220307161020;sqlservr                      ;       15%;   92.37MB
20220307161021;audiodg                       ;        2%;   27.24MB
20220307161023;audiodg                       ;        2%;   27.24MB
20220307161023;sqlservr                      ;        2%;   92.37MB
20220307161026;WmiPrvSE#1                    ;        2%;    37.7MB
20220307161026;audiodg                       ;        1%;   27.24MB
20220307161028;audiodg                       ;        2%;   27.24MB
20220307161028;devenv#3                      ;        1%;  478.96MB
20220307161030;LineMediaPlayer#2             ;        1%;   40.57MB
20220307161030;WmiPrvSE#2                    ;        1%;   33.01MB
20220307161030;audiodg                       ;        1%;   27.24MB
20220307161033;audiodg                       ;        2%;   27.24MB
20220307161035;audiodg                       ;        1%;   27.24MB
20220307161038;audiodg                       ;        2%;   27.24MB
20220307161039;audiodg                       ;        2%;   27.24MB
20220307161039;devenv#1                      ;        1%;  446.93MB
20220307161042;audiodg                       ;        1%;   27.24MB
20220307161044;audiodg                       ;        1%;   27.24MB
20220307161045;audiodg                       ;        2%;   27.24MB
20220307161047;audiodg                       ;        1%;   27.24MB
20220307161050;audiodg                       ;        2%;   27.24MB
20220307161051;audiodg                       ;        2%;   27.24MB
20220307161051;devenv#3                      ;        1%;  478.96MB
20220307161056;audiodg                       ;        2%;   27.24MB
20220307161059;System                        ;        2%;    1.12MB
20220307161059;audiodg                       ;        2%;   27.24MB
20220307161101;audiodg                       ;        2%;   27.24MB
20220307161103;audiodg                       ;        1%;   27.24MB
20220307161104;audiodg                       ;        1%;   27.24MB
20220307161110;audiodg                       ;        1%;   27.24MB
20220307161113;System                        ;        2%;    1.12MB
20220307161113;Uedit32                       ;        1%;   31.28MB
20220307161113;WmiPrvSE#2                    ;        1%;   32.54MB
20220307161113;audiodg                       ;        2%;   27.24MB
20220307161116;audiodg                       ;        1%;   27.24MB
20220307161120;WmiPrvSE#2                    ;        1%;   32.57MB
20220307161120;audiodg                       ;        5%;   27.24MB
20220307161120;devenv#1                      ;        5%;  447.32MB
20220307161123;audiodg                       ;        1%;   27.24MB
20220307161126;audiodg                       ;        1%;   27.24MB
20220307161126;sqlservr                      ;        3%;    92.4MB
20220307161129;sqlservr                      ;       10%;    92.4MB
20220307161133;Uedit32                       ;        1%;   31.28MB
20220307161133;audiodg                       ;        2%;   27.24MB
20220307161135;audiodg                       ;        3%;   27.24MB
20220307161138;audiodg                       ;        2%;   27.24MB
20220307161142;audiodg                       ;        1%;   27.24MB
20220307161144;audiodg                       ;        4%;   27.21MB
20220307161144;devenv                        ;        1%;  314.66MB
20220307161145;audiodg                       ;        1%;   27.21MB
20220307161148;audiodg                       ;        2%;   27.21MB
20220307161150;audiodg                       ;        1%;   27.21MB
20220307161152;audiodg                       ;        1%;   27.23MB
20220307161154;audiodg                       ;        2%;   27.23MB
20220307161155;audiodg                       ;        4%;   27.23MB
20220307161158;audiodg                       ;        1%;   27.23MB
20220307161200;audiodg                       ;        2%;   27.23MB
20220307161204;audiodg                       ;        2%;   27.23MB
20220307161205;audiodg                       ;        2%;   27.23MB
20220307161209;audiodg                       ;        4%;   27.23MB
20220307161209;devenv#3                      ;        1%;  477.04MB
20220307161211;WmiPrvSE#2                    ;        1%;   32.57MB
20220307161213;audiodg                       ;        2%;   27.23MB
20220307161216;audiodg                       ;        2%;   27.23MB
20220307161219;audiodg                       ;        4%;   27.23MB
20220307161220;audiodg                       ;        1%;   27.23MB
20220307161224;audiodg                       ;        3%;   27.24MB
20220307161226;audiodg                       ;        1%;   27.24MB
20220307161230;audiodg                       ;        3%;   27.24MB
20220307161231;audiodg                       ;        1%;   27.24MB
20220307161231;sqlservr                      ;        7%;   92.39MB
20220307161233;sqlservr                      ;        9%;   92.39MB
20220307161235;sqlservr                      ;       14%;   92.39MB
20220307161236;audiodg                       ;        1%;   27.24MB
20220307161240;audiodg                       ;        2%;   27.24MB
20220307161242;audiodg                       ;        2%;   27.24MB
20220307161244;audiodg                       ;        2%;   27.24MB
20220307161246;WmiPrvSE#2                    ;        1%;   32.31MB
20220307161246;audiodg                       ;        1%;   27.24MB
20220307161246;devenv#1                      ;        1%;  447.32MB
20220307161247;audiodg                       ;        3%;   27.24MB
20220307161249;audiodg                       ;        2%;   27.24MB
20220307161251;audiodg                       ;        2%;   27.24MB
20220307161253;audiodg                       ;        2%;   27.24MB
20220307161257;audiodg                       ;        2%;   27.24MB
20220307161300;audiodg                       ;        1%;   27.24MB
20220307161303;audiodg                       ;        2%;   27.24MB
20220307161304;Uedit32                       ;        1%;    31.3MB
20220307161317;audiodg                       ;        1%;   27.24MB
20220307161320;audiodg                       ;        5%;   27.24MB
20220307161323;MsMpEng                       ;        1%;  512.18MB
20220307161323;audiodg                       ;        2%;   27.24MB
20220307161325;NewMonitorCPU                 ;        1%;   50.55MB
20220307161327;WmiPrvSE#2                    ;        1%;   32.55MB
20220307161327;audiodg                       ;        1%;   27.24MB
20220307161329;audiodg                       ;        1%;   27.24MB
20220307161332;audiodg                       ;        1%;   27.24MB
20220307161333;WmiPrvSE#2                    ;        1%;    17.9MB
20220307161333;audiodg                       ;        4%;   27.24MB
20220307161337;audiodg                       ;        2%;   27.24MB
20220307161339;System                        ;        1%;    1.14MB
20220307161339;audiodg                       ;        2%;   27.24MB
20220307161339;sqlservr                      ;        8%;   93.32MB
20220307161340;audiodg                       ;        3%;   27.24MB
20220307161340;sqlservr                      ;       11%;   93.33MB
20220307161342;audiodg                       ;        1%;   27.24MB
20220307161344;audiodg                       ;        2%;   27.24MB
20220307161345;audiodg                       ;        1%;   27.24MB
20220307161348;Uedit32                       ;        1%;    31.3MB
20220307161348;WmiPrvSE#2                    ;        1%;   32.36MB
20220307161348;audiodg                       ;        3%;   27.24MB
20220307161350;WmiPrvSE#2                    ;        1%;   32.56MB
20220307161350;audiodg                       ;        2%;   27.24MB
20220307161401;audiodg                       ;        1%;   27.21MB
20220307161404;audiodg                       ;        1%;   27.21MB
20220307161409;audiodg                       ;        4%;   27.21MB
20220307161410;audiodg                       ;        1%;   27.21MB
20220307161412;audiodg                       ;        1%;   27.21MB
20220307161415;WmiPrvSE#2                    ;        1%;   32.66MB
20220307161415;audiodg                       ;        1%;   27.21MB
20220307161415;devenv#1                      ;        1%;  447.31MB
20220307161417;audiodg                       ;        4%;   27.21MB
20220307161418;audiodg                       ;        1%;   27.21MB
20220307161418;devenv#2                      ;        1%;  389.85MB
20220307161420;audiodg                       ;        2%;   27.21MB
20220307161425;audiodg                       ;        2%;   27.23MB
20220307161428;audiodg                       ;        3%;   27.23MB
20220307161429;audiodg                       ;        2%;   27.23MB
20220307161432;audiodg                       ;        1%;   27.23MB
20220307161435;audiodg                       ;        2%;   27.23MB
20220307161437;LineMediaPlayer#2             ;        1%;   40.57MB
20220307161437;audiodg                       ;        1%;   27.23MB
20220307161440;audiodg                       ;        1%;   27.23MB
20220307161443;audiodg                       ;        2%;   27.23MB
20220307161444;sqlservr                      ;        3%;   92.73MB
20220307161446;sqlservr                      ;        8%;   92.73MB
20220307161451;audiodg                       ;        2%;   27.23MB
20220307161453;audiodg                       ;        1%;   27.23MB
20220307161455;audiodg                       ;        4%;   27.23MB
20220307161458;audiodg                       ;        1%;   27.23MB
20220307161500;audiodg                       ;        3%;   27.23MB
20220307161503;audiodg                       ;        1%;   27.23MB
20220307161506;audiodg                       ;        2%;   27.23MB
20220307161509;System                        ;        2%;    1.14MB
20220307161509;audiodg                       ;        3%;   27.23MB
20220307161512;audiodg                       ;        1%;   27.23MB
20220307161514;audiodg                       ;        2%;   27.23MB
20220307161518;audiodg                       ;        1%;   27.23MB
20220307161520;WmiPrvSE#2                    ;        1%;   32.53MB
20220307161520;audiodg                       ;        1%;   27.23MB
20220307161523;audiodg                       ;        2%;   27.23MB
20220307161525;audiodg                       ;        4%;   27.23MB
20220307161526;pcdrwi                        ;        1%;   54.92MB
20220307161528;audiodg                       ;        2%;   27.23MB
20220307161530;audiodg                       ;        1%;   27.23MB
20220307161532;audiodg                       ;        1%;   27.23MB
20220307161534;ServiceHub.VSDetouredHost     ;        1%;   51.83MB
20220307161534;System                        ;        1%;    1.14MB
20220307161534;WmiPrvSE#2                    ;        1%;   32.58MB
20220307161534;audiodg                       ;        2%;   27.23MB
20220307161534;devenv#1                      ;        1%;  447.31MB
20220307161534;devenv#3                      ;        1%;  476.89MB
20220307161537;audiodg                       ;        5%;   27.23MB
20220307161537;devenv#1                      ;        1%;  447.38MB
20220307161537;devenv#2                      ;        2%;  389.84MB
20220307161537;devenv#3                      ;        1%;   476.9MB
20220307161539;audiodg                       ;        1%;   27.23MB
20220307161539;explorer                      ;        1%;  190.52MB
